{"0": {"id": 63, "name": "Nicholas Lozano", "address": "7794 Campbell Village\nPort Tyler, MI 03695", "credit card": "676129918667"}, "1": {"id": 12, "name": "Cheryl Reynolds DVM", "address": "444 Green Court Suite 658\nNew Michael, AZ 46136", "credit card": "4272719701248466209"}, "2": {"id": 58, "name": "Edward Hudson", "address": "719 Meredith Pine Apt. 051\nNew Catherinefurt, UT 53256", "credit card": "4177729296867453"}, "3": {"id": 56, "name": "Ryan Freeman", "address": "08562 Myers Corners\nAdkinsshire, LA 31484", "credit card": "6598536772180590"}, "4": {"id": 41, "name": "Chad Adams", "address": "170 Stewart Rue\nNorth Mitchell, MA 02838", "credit card": "675980515273"}, "5": {"id": 45, "name": "Adrian Mckee", "address": "72766 Amber Creek Suite 979\nSouth Timothy, ID 97126", "credit card": "377841989728433"}, "6": {"id": 9, "name": "Corey Thompson", "address": "638 Gregory Spurs Apt. 694\nTurnerborough, MA 07897", "credit card": "4730278948930723"}, "7": {"id": 57, "name": "Joseph Chapman", "address": "0702 Shelton Gardens Suite 314\nStewartville, DC 45922", "credit card": "6543908507940984"}, "8": {"id": 6, "name": "Philip Hughes", "address": "PSC 8005, Box 9485\nAPO AA 61994", "credit card": "502017384194"}, "9": {"id": 7, "name": "Kelly Williams", "address": "0791 Smith Pike\nSmithton, CT 85250", "credit card": "6011570717964577"}}